Timestamp,Co2Level,Temperature,HumidityLevel,MositureLevel,SoilphValue,CropName,LightCount
7/11/2022 10:39:51 AM +00:00,24,24,13,2352,6,Litchi,1
7/11/2022 12:25:06 PM +00:00,660,33,30.633030303030303,5,8.25,Tomato,1
7/11/2022 12:38:34 PM +00:00,503.99999999999994,22.5,44.669444444444444,10,4.5,Litchi,2
7/11/2022 12:39:29 PM +00:00,868,38.75,26.193951612903223,1.25,7.75,Tomato,2
7/11/2022 12:40:28 PM +00:00,616,27.5,36.63863636363636,12.5,5.5,Litchi,2
7/11/2022 12:41:29 PM +00:00,923.9999999999999,41.25,24.654924242424244,3.75,8.25,Tomato,2
7/11/2022 12:42:29 PM +00:00,520,26,38.72153846153846,5,6.5,Litchi,1
7/11/2022 12:43:29 PM +00:00,503.99999999999994,22.5,44.669444444444444,3.75,4.5,Litchi,2
7/11/2022 12:44:29 PM +00:00,951.9999999999999,42.5,23.954411764705885,12.5,8.5,Tomato,2
7/11/2022 12:45:29 PM +00:00,740,37,27.397027027027026,4,9.25,Tomato,1
7/11/2022 12:46:29 PM +00:00,380,19,52.82157894736842,6,4.75,Litchi,1
7/11/2022 12:47:29 PM +00:00,923.9999999999999,41.25,24.654924242424244,11.25,8.25,Tomato,2
7/11/2022 12:48:00 PM +00:00,616,27.5,36.63863636363636,10,5.5,Litchi,2
7/11/2022 12:49:30 PM +00:00,420,21,47.82904761904762,7,5.25,Litchi,1
7/11/2022 12:50:30 PM +00:00,580,29,34.77275862068965,1,7.25,Tomato,1
7/11/2022 12:51:00 PM +00:00,360,18,55.73555555555556,8,4.5,Litchi,1
7/11/2022 12:52:00 PM +00:00,580,29,34.77275862068965,7,7.25,Tomato,1
7/11/2022 12:53:00 PM +00:00,503.99999999999994,22.5,44.669444444444444,8.75,4.5,Litchi,2
7/11/2022 12:54:00 PM +00:00,520,26,38.72153846153846,5,6.5,Litchi,1
7/11/2022 12:55:00 PM +00:00,620,31,32.568064516129034,5,7.75,Tomato,1
7/11/2022 12:56:41 PM +00:00,475.99999999999994,21.25,47.27132352941177,11.25,4.25,Litchi,2
7/11/2022 1:00:23 PM +00:00,32.3219783754656,25,40.25,3.75,5,Litchi,2
7/11/2022 1:01:25 PM +00:00,520,26,38.72153846153846,9,6.5,Litchi,1
7/11/2022 1:10:26 PM +00:00,223.61,42.5,23.954411764705885,11.25,8.5,Tomato,2
7/11/2022 1:11:26 PM +00:00,122.57,26.25,38.3577380952381,7.5,5.25,Litchi,2
7/11/2022 1:12:26 PM +00:00,660,33,30.633030303030303,7,8.25,Tomato,1
7/11/2022 1:13:26 PM +00:00,540,27,37.30703703703704,3,6.75,Tomato,1
7/11/2022 1:14:26 PM +00:00,446.47,43.75,23.294642857142854,5,8.75,Tomato,2
7/11/2022 1:15:27 PM +00:00,400,20,50.2,7,5,Litchi,1
7/11/2022 1:18:09 PM +00:00,97.5,25,40.25,8.75,5,Litchi,2
7/11/2022 1:19:02 PM +00:00,720,36,28.137777777777778,1,9,Tomato,1
7/11/2022 1:02:25 PM +00:00,320,16,62.66,3,4,Litchi,1
7/11/2022 1:20:02 PM +00:00,3.59,43.75,23.294642857142854,5,8.75,Tomato,2
7/11/2022 1:21:03 PM +00:00,640,32,31.57,4,8,Tomato,1
7/11/2022 1:22:03 PM +00:00,372.55,36.25,27.948706896551727,3.75,7.25,Tomato,2
7/11/2022 1:23:03 PM +00:00,460,23,43.708260869565216,4,5.75,Litchi,1
7/11/2022 1:24:03 PM +00:00,620,31,32.568064516129034,2,7.75,Tomato,1
7/11/2022 1:25:03 PM +00:00,249.26,32.5,31.09423076923077,5,6.5,Litchi,2
7/11/2022 1:26:03 PM +00:00,513.93,38.75,26.193951612903223,2.5,7.75,Tomato,2
7/11/2022 1:27:03 PM +00:00,780,39,26.031025641025643,3,9.75,Tomato,1
7/11/2022 1:28:03 PM +00:00,460,23,43.708260869565216,7,5.75,Litchi,1
7/11/2022 1:29:03 PM +00:00,660,33,30.633030303030303,5,8.25,Tomato,1
7/11/2022 1:03:27 PM +00:00,540,27,37.30703703703704,9,6.75,Tomato,1
7/11/2022 1:30:06 PM +00:00,720,36,28.137777777777778,7,9,Tomato,1
7/11/2022 1:39:04 PM +00:00,227.16,26.25,38.3577380952381,8.75,5.25,Litchi,2
7/11/2022 1:04:25 PM +00:00,720,36,28.137777777777778,7,9,Tomato,1
7/11/2022 1:40:04 PM +00:00,177.72,37.5,27.041666666666664,12.5,7.5,Tomato,2
7/11/2022 1:41:04 PM +00:00,580,29,34.77275862068965,6,7.25,Tomato,1
7/11/2022 1:42:06 PM +00:00,456.31,40,25.4,7.5,8,Tomato,2
7/11/2022 1:43:05 PM +00:00,455.97,33.75,29.967129629629625,3.75,6.75,Tomato,2
7/11/2022 1:44:05 PM +00:00,372.29,27.5,36.63863636363636,7.5,5.5,Litchi,2
7/11/2022 1:45:05 PM +00:00,25.47,30,33.63333333333333,12.5,6,Litchi,2
7/11/2022 1:46:07 PM +00:00,299.83,35,28.921428571428574,8.75,7,Tomato,2
7/11/2022 1:47:05 PM +00:00,509.47,35,28.921428571428574,11.25,7,Tomato,2
7/11/2022 1:48:05 PM +00:00,105.48,22.5,44.669444444444444,8.75,4.5,Litchi,2
7/11/2022 1:49:05 PM +00:00,290.42,37.5,27.041666666666664,7.5,7.5,Tomato,2
7/11/2022 1:05:25 PM +00:00,15.73,46.25,22.08412162162162,8.75,9.25,Tomato,2
7/11/2022 1:50:05 PM +00:00,268.57,26.25,38.3577380952381,3.75,5.25,Litchi,2
7/11/2022 1:51:05 PM +00:00,307.67,26.25,38.3577380952381,8.75,5.25,Litchi,2
7/11/2022 1:52:05 PM +00:00,320,16,62.66,10,4,Litchi,1
7/11/2022 1:53:05 PM +00:00,507.47,48.75,21.00032051282051,3.75,9.75,Tomato,2
7/11/2022 1:54:07 PM +00:00,161.82,21.25,47.27132352941177,5,4.25,Litchi,2
7/11/2022 1:55:05 PM +00:00,193.6,25,40.25,10,5,Litchi,2
7/11/2022 1:56:06 PM +00:00,720,36,28.137777777777778,5,9,Tomato,1
7/11/2022 1:57:06 PM +00:00,460,23,43.708260869565216,1,5.75,Litchi,1
7/11/2022 1:58:06 PM +00:00,15.93,20,50.2,11.25,4,Litchi,2
7/11/2022 1:59:06 PM +00:00,112.72,21.25,47.27132352941177,12.5,4.25,Litchi,2
7/11/2022 1:06:25 PM +00:00,391.93,26.25,38.3577380952381,10,5.25,Litchi,2
7/11/2022 1:07:25 PM +00:00,440,22,45.67454545454546,1,5.5,Litchi,1
7/11/2022 1:08:26 PM +00:00,333.58,27.5,36.63863636363636,3.75,5.5,Litchi,2
7/11/2022 1:09:26 PM +00:00,215.91,41.25,24.654924242424244,7.5,8.25,Tomato,2
7/11/2022 2:00:06 PM +00:00,780,39,26.031025641025643,7,9.75,Tomato,1
7/11/2022 2:01:08 PM +00:00,349,25,40.25,7.5,5,Litchi,2
7/11/2022 2:10:07 PM +00:00,380,19,52.82157894736842,5,4.75,Litchi,1
7/11/2022 2:11:07 PM +00:00,210.72,30,33.63333333333333,8.75,6,Litchi,2
7/11/2022 2:12:10 PM +00:00,500,25,40.25,9,6.25,Litchi,1
7/11/2022 2:13:08 PM +00:00,380,19,52.82157894736842,6,4.75,Litchi,1
7/11/2022 2:14:08 PM +00:00,660,33,30.633030303030303,4,8.25,Tomato,1
7/11/2022 2:15:08 PM +00:00,620,31,32.568064516129034,6,7.75,Tomato,1
7/11/2022 2:16:08 PM +00:00,560,28,35.994285714285716,10,7,Tomato,1
7/11/2022 2:17:08 PM +00:00,720,36,28.137777777777778,5,9,Tomato,1
7/11/2022 2:18:08 PM +00:00,720,36,28.137777777777778,3,9,Tomato,1
7/11/2022 2:19:08 PM +00:00,400,20,50.2,2,5,Litchi,1
7/11/2022 2:02:06 PM +00:00,660,33,30.633030303030303,1,8.25,Tomato,1
7/11/2022 2:20:08 PM +00:00,325.47,37.5,27.041666666666664,6.25,7.5,Tomato,2
7/11/2022 2:21:08 PM +00:00,700,35,28.921428571428574,4,8.75,Tomato,1
7/11/2022 2:22:08 PM +00:00,348.96,27.5,36.63863636363636,3.75,5.5,Litchi,2
7/11/2022 2:23:10 PM +00:00,420,21,47.82904761904762,10,5.25,Litchi,1
7/11/2022 2:24:09 PM +00:00,204.12,22.5,44.669444444444444,10,4.5,Litchi,2
7/11/2022 2:25:09 PM +00:00,640,32,31.57,7,8,Tomato,1
7/11/2022 2:26:09 PM +00:00,335.64,43.75,23.294642857142854,7.5,8.75,Tomato,2
7/11/2022 2:27:09 PM +00:00,480,24,41.90666666666667,4,6,Litchi,1
7/11/2022 2:28:09 PM +00:00,666.44,47.5,21.527631578947368,1.25,9.5,Tomato,2
7/11/2022 2:29:09 PM +00:00,202.89,21.25,47.27132352941177,3.75,4.25,Litchi,2
7/11/2022 2:03:06 PM +00:00,40.78,42.5,23.954411764705885,7.5,8.5,Tomato,2
7/11/2022 2:04:07 PM +00:00,273.47,31.25,32.3125,1.25,6.25,Litchi,2
7/11/2022 2:05:07 PM +00:00,580,29,34.77275862068965,2,7.25,Tomato,1
7/11/2022 2:06:08 PM +00:00,420,21,47.82904761904762,2,5.25,Litchi,1
7/11/2022 2:07:07 PM +00:00,680,34,29.751764705882355,4,8.5,Tomato,1
7/11/2022 2:08:07 PM +00:00,680,34,29.751764705882355,9,8.5,Tomato,1
7/11/2022 2:09:07 PM +00:00,651.23,42.5,23.954411764705885,10,8.5,Tomato,2
7/12/2022 10:00:04 AM +00:00,707.96,47.5,21.527631578947368,2.5,9.5,Tomato,2
7/12/2022 10:01:04 AM +00:00,440,22,45.67454545454546,4,5.5,Litchi,1
7/12/2022 10:10:06 AM +00:00,580,29,34.77275862068965,5,7.25,Tomato,1
7/12/2022 10:11:05 AM +00:00,8.02,23.75,42.34276315789473,6.25,4.75,Litchi,2
7/12/2022 10:12:05 AM +00:00,780,39,26.031025641025643,8,9.75,Tomato,1
7/12/2022 10:13:06 AM +00:00,580,29,34.77275862068965,2,7.25,Tomato,1
7/12/2022 10:14:05 AM +00:00,320,16,62.66,6,4,Litchi,1
7/12/2022 10:15:05 AM +00:00,19.75,30,33.63333333333333,10,6,Litchi,2
7/12/2022 10:16:05 AM +00:00,47.86,38.75,26.193951612903223,8.75,7.75,Tomato,2
7/12/2022 10:17:05 AM +00:00,580,29,34.77275862068965,3,7.25,Tomato,1
7/12/2022 10:18:05 AM +00:00,480,24,41.90666666666667,1,6,Litchi,1
7/12/2022 10:19:06 AM +00:00,185.17,25,40.25,3.75,5,Litchi,2
7/12/2022 10:02:04 AM +00:00,520,26,38.72153846153846,7,6.5,Litchi,1
7/12/2022 10:20:06 AM +00:00,360,18,55.73555555555556,7,4.5,Litchi,1
7/12/2022 10:21:07 AM +00:00,680,34,29.751764705882355,4,8.5,Tomato,1
7/12/2022 10:22:06 AM +00:00,560,28,35.994285714285716,4,7,Tomato,1
7/12/2022 10:23:06 AM +00:00,189.46,48.75,21.00032051282051,10,9.75,Tomato,2
7/12/2022 10:24:08 AM +00:00,400,20,50.2,7,5,Litchi,1
7/12/2022 10:25:06 AM +00:00,174.06,26.25,38.3577380952381,5,5.25,Litchi,2
7/12/2022 10:26:06 AM +00:00,780,39,26.031025641025643,7,9.75,Tomato,1
7/12/2022 10:27:06 AM +00:00,60.02,22.5,44.669444444444444,5,4.5,Litchi,2
7/12/2022 10:28:06 AM +00:00,78.98,21.25,47.27132352941177,3.75,4.25,Litchi,2
7/12/2022 10:29:06 AM +00:00,245.5,30,33.63333333333333,12.5,6,Litchi,2
7/12/2022 10:03:04 AM +00:00,137.22,21.25,47.27132352941177,6.25,4.25,Litchi,2
7/12/2022 10:30:07 AM +00:00,420,21,47.82904761904762,7,5.25,Litchi,1
7/12/2022 10:31:07 AM +00:00,447.79,30,33.63333333333333,7.5,6,Litchi,2
7/12/2022 10:32:06 AM +00:00,620,31,32.568064516129034,7,7.75,Tomato,1
7/12/2022 10:33:07 AM +00:00,266.55,26.25,38.3577380952381,1.25,5.25,Litchi,2
7/12/2022 10:34:07 AM +00:00,520,26,38.72153846153846,3,6.5,Litchi,1
7/12/2022 10:35:09 AM +00:00,561.25,45,22.67222222222222,3.75,9,Tomato,2
7/12/2022 10:36:07 AM +00:00,340,17,58.99352941176471,6,4.25,Litchi,1
7/12/2022 10:37:07 AM +00:00,160.62,31.25,32.3125,7.5,6.25,Litchi,2
7/12/2022 10:38:08 AM +00:00,340,17,58.99352941176471,7,4.25,Litchi,1
7/12/2022 10:39:08 AM +00:00,680,34,29.751764705882355,10,8.5,Tomato,1
7/12/2022 10:04:04 AM +00:00,509.16,32.5,31.09423076923077,12.5,6.5,Litchi,2
7/12/2022 10:40:08 AM +00:00,83.33,35,28.921428571428574,10,7,Tomato,2
7/12/2022 10:41:08 AM +00:00,169.12,26.25,38.3577380952381,2.5,5.25,Litchi,2
7/12/2022 10:42:08 AM +00:00,760,38,26.69578947368421,7,9.5,Tomato,1
7/12/2022 10:43:08 AM +00:00,395.25,32.5,31.09423076923077,8.75,6.5,Litchi,2
7/12/2022 10:44:09 AM +00:00,640,32,31.57,8,8,Tomato,1
7/12/2022 10:45:08 AM +00:00,30.15,43.75,23.294642857142854,11.25,8.75,Tomato,2
7/12/2022 10:46:09 AM +00:00,242.42,40,25.4,10,8,Tomato,2
7/12/2022 10:47:09 AM +00:00,560,28,35.994285714285716,9,7,Tomato,1
7/12/2022 10:48:10 AM +00:00,232.08,21.25,47.27132352941177,10,4.25,Litchi,2
7/12/2022 10:49:09 AM +00:00,226.07,23.75,42.34276315789473,5,4.75,Litchi,2
7/12/2022 10:05:04 AM +00:00,780,39,26.031025641025643,7,9.75,Tomato,1
7/12/2022 10:50:09 AM +00:00,281.4,45,22.67222222222222,5,9,Tomato,2
7/12/2022 10:51:09 AM +00:00,440,22,45.67454545454546,5,5.5,Litchi,1
7/12/2022 10:52:09 AM +00:00,502.69,35,28.921428571428574,1.25,7,Tomato,2
7/12/2022 10:53:09 AM +00:00,82.44,23.75,42.34276315789473,6.25,4.75,Litchi,2
7/12/2022 10:54:09 AM +00:00,400,20,50.2,2,5,Litchi,1
7/12/2022 10:55:09 AM +00:00,560,28,35.994285714285716,9,7,Tomato,1
7/12/2022 10:56:09 AM +00:00,740,37,27.397027027027026,1,9.25,Tomato,1
7/12/2022 10:57:09 AM +00:00,780,39,26.031025641025643,9,9.75,Tomato,1
7/12/2022 10:58:10 AM +00:00,438.63,35,28.921428571428574,12.5,7,Tomato,2
7/12/2022 10:59:10 AM +00:00,760,38,26.69578947368421,2,9.5,Tomato,1
7/12/2022 10:06:04 AM +00:00,236.98,26.25,38.3577380952381,2.5,5.25,Litchi,2
7/12/2022 10:07:06 AM +00:00,320,16,62.66,4,4,Litchi,1
7/12/2022 10:08:04 AM +00:00,251.28,30,33.63333333333333,10,6,Litchi,2
7/12/2022 10:09:04 AM +00:00,134.95,26.25,38.3577380952381,1.25,5.25,Litchi,2
7/12/2022 11:00:11 AM +00:00,650.6,43.75,23.294642857142854,5,8.75,Tomato,2
7/12/2022 11:01:10 AM +00:00,680,34,29.751764705882355,10,8.5,Tomato,1
7/12/2022 11:10:11 AM +00:00,340,17,58.99352941176471,7,4.25,Litchi,1
7/12/2022 11:11:11 AM +00:00,271.13,26.25,38.3577380952381,6.25,5.25,Litchi,2
7/12/2022 11:12:11 AM +00:00,262.24,40,25.4,7.5,8,Tomato,2
7/12/2022 11:13:11 AM +00:00,320,16,62.66,6,4,Litchi,1
7/12/2022 11:14:11 AM +00:00,440,22,45.67454545454546,6,5.5,Litchi,1
7/12/2022 11:15:12 AM +00:00,740,37,27.397027027027026,7,9.25,Tomato,1
7/12/2022 11:16:12 AM +00:00,413.59,45,22.67222222222222,1.25,9,Tomato,2
7/12/2022 11:17:12 AM +00:00,600,30,33.63333333333333,3,7.5,Tomato,1
7/12/2022 11:18:12 AM +00:00,400,20,50.2,4,5,Litchi,1
7/12/2022 11:19:14 AM +00:00,402.73,33.75,29.967129629629625,3.75,6.75,Tomato,2
7/12/2022 11:02:10 AM +00:00,620,31,32.568064516129034,6,7.75,Tomato,1
7/12/2022 11:20:12 AM +00:00,711.61,46.25,22.08412162162162,5,9.25,Tomato,2
7/12/2022 11:21:12 AM +00:00,112.06,46.25,22.08412162162162,3.75,9.25,Tomato,2
7/12/2022 11:22:12 AM +00:00,81.09,33.75,29.967129629629625,1.25,6.75,Tomato,2
7/12/2022 11:23:12 AM +00:00,80.24,31.25,32.3125,6.25,6.25,Litchi,2
7/12/2022 11:24:12 AM +00:00,780,39,26.031025641025643,2,9.75,Tomato,1
7/12/2022 11:25:13 AM +00:00,466.89,35,28.921428571428574,6.25,7,Tomato,2
7/12/2022 11:26:14 AM +00:00,320,16,62.66,9,4,Litchi,1
7/12/2022 11:27:13 AM +00:00,720,36,28.137777777777778,7,9,Tomato,1
7/12/2022 11:28:13 AM +00:00,320,16,62.66,8,4,Litchi,1
7/12/2022 11:29:13 AM +00:00,492.03,33.75,29.967129629629625,3.75,6.75,Tomato,2
7/12/2022 11:03:12 AM +00:00,500,25,40.25,8,6.25,Litchi,1
7/12/2022 11:30:13 AM +00:00,298.28,22.5,44.669444444444444,2.5,4.5,Litchi,2
7/12/2022 11:31:13 AM +00:00,44.66,32.5,31.09423076923077,8.75,6.5,Litchi,2
7/12/2022 11:32:15 AM +00:00,500,25,40.25,1,6.25,Litchi,1
7/12/2022 11:33:13 AM +00:00,420,21,47.82904761904762,7,5.25,Litchi,1
7/12/2022 11:34:14 AM +00:00,302.23,23.75,42.34276315789473,7.5,4.75,Litchi,2
7/12/2022 11:35:13 AM +00:00,111.08,22.5,44.669444444444444,12.5,4.5,Litchi,2
7/12/2022 11:36:14 AM +00:00,320.76,23.75,42.34276315789473,2.5,4.75,Litchi,2
7/12/2022 11:37:14 AM +00:00,749.11,47.5,21.527631578947368,7.5,9.5,Tomato,2
7/12/2022 11:38:14 AM +00:00,286.93,26.25,38.3577380952381,6.25,5.25,Litchi,2
7/12/2022 11:39:14 AM +00:00,463.23,33.75,29.967129629629625,5,6.75,Tomato,2
7/12/2022 11:04:10 AM +00:00,320,16,62.66,2,4,Litchi,1
7/12/2022 11:40:14 AM +00:00,320,16,62.66,7,4,Litchi,1
7/12/2022 11:41:14 AM +00:00,600,30,33.63333333333333,3,7.5,Tomato,1
7/12/2022 11:42:14 AM +00:00,600,30,33.63333333333333,2,7.5,Tomato,1
7/12/2022 11:43:16 AM +00:00,293.17,46.25,22.08412162162162,11.25,9.25,Tomato,2
7/12/2022 11:44:14 AM +00:00,439.08,27.5,36.63863636363636,2.5,5.5,Litchi,2
7/12/2022 11:45:15 AM +00:00,560,28,35.994285714285716,4,7,Tomato,1
7/12/2022 11:46:15 AM +00:00,780,39,26.031025641025643,2,9.75,Tomato,1
7/12/2022 11:47:15 AM +00:00,760,38,26.69578947368421,2,9.5,Tomato,1
7/12/2022 11:48:15 AM +00:00,740,37,27.397027027027026,2,9.25,Tomato,1
7/12/2022 11:49:16 AM +00:00,172.57,21.25,47.27132352941177,3.75,4.25,Litchi,2
7/12/2022 11:05:10 AM +00:00,512.87,40,25.4,10,8,Tomato,2
7/12/2022 11:50:15 AM +00:00,680,34,29.751764705882355,3,8.5,Tomato,1
7/12/2022 11:51:15 AM +00:00,119.42,21.25,47.27132352941177,2.5,4.25,Litchi,2
7/12/2022 11:52:15 AM +00:00,320,16,62.66,6,4,Litchi,1
7/12/2022 11:53:15 AM +00:00,480,24,41.90666666666667,5,6,Litchi,1
7/12/2022 11:54:16 AM +00:00,504.36,41.25,24.654924242424244,11.25,8.25,Tomato,2
7/12/2022 11:55:16 AM +00:00,35.81,30,33.63333333333333,1.25,6,Litchi,2
7/12/2022 11:56:16 AM +00:00,520,26,38.72153846153846,6,6.5,Litchi,1
7/12/2022 11:57:16 AM +00:00,289.89,41.25,24.654924242424244,10,8.25,Tomato,2
7/12/2022 11:58:16 AM +00:00,524.55,33.75,29.967129629629625,12.5,6.75,Tomato,2
7/12/2022 11:59:16 AM +00:00,760,38,26.69578947368421,9,9.5,Tomato,1
7/12/2022 11:06:11 AM +00:00,780,39,26.031025641025643,4,9.75,Tomato,1
7/12/2022 11:07:11 AM +00:00,180.96,25,40.25,11.25,5,Litchi,2
7/12/2022 11:08:11 AM +00:00,420,21,47.82904761904762,6,5.25,Litchi,1
7/12/2022 11:09:12 AM +00:00,615.88,38.75,26.193951612903223,2.5,7.75,Tomato,2
7/12/2022 12:00:16 PM +00:00,400,20,50.2,8,5,Litchi,1
7/12/2022 12:01:17 PM +00:00,580,29,34.77275862068965,3,7.25,Tomato,1
7/12/2022 12:10:17 PM +00:00,412.71,38.75,26.193951612903223,6.25,7.75,Tomato,2
7/12/2022 12:11:17 PM +00:00,500,25,40.25,8,6.25,Litchi,1
7/12/2022 12:12:17 PM +00:00,540,27,37.30703703703704,10,6.75,Tomato,1
7/12/2022 12:13:17 PM +00:00,194.93,25,40.25,10,5,Litchi,2
7/12/2022 12:14:18 PM +00:00,274.36,43.75,23.294642857142854,3.75,8.75,Tomato,2
7/12/2022 12:15:18 PM +00:00,740,37,27.397027027027026,1,9.25,Tomato,1
7/12/2022 12:16:18 PM +00:00,400,20,50.2,7,5,Litchi,1
7/12/2022 12:17:18 PM +00:00,598.3,38.75,26.193951612903223,3.75,7.75,Tomato,2
7/12/2022 12:18:18 PM +00:00,162.67,22.5,44.669444444444444,2.5,4.5,Litchi,2
7/12/2022 12:19:18 PM +00:00,760,38,26.69578947368421,3,9.5,Tomato,1
7/12/2022 12:02:16 PM +00:00,389.33,47.5,21.527631578947368,5,9.5,Tomato,2
7/12/2022 12:20:20 PM +00:00,360,18,55.73555555555556,6,4.5,Litchi,1
7/12/2022 12:21:18 PM +00:00,740,37,27.397027027027026,2,9.25,Tomato,1
7/12/2022 12:22:19 PM +00:00,156.71,21.25,47.27132352941177,8.75,4.25,Litchi,2
7/12/2022 12:23:19 PM +00:00,440,22,45.67454545454546,5,5.5,Litchi,1
7/12/2022 12:24:19 PM +00:00,452.46,38.75,26.193951612903223,12.5,7.75,Tomato,2
7/12/2022 12:25:19 PM +00:00,122.68,36.25,27.948706896551727,10,7.25,Tomato,2
7/12/2022 12:26:19 PM +00:00,540,27,37.30703703703704,4,6.75,Tomato,1
7/12/2022 12:27:19 PM +00:00,340,17,58.99352941176471,3,4.25,Litchi,1
7/12/2022 12:28:19 PM +00:00,540.62,47.5,21.527631578947368,3.75,9.5,Tomato,2
7/12/2022 12:29:21 PM +00:00,520,26,38.72153846153846,2,6.5,Litchi,1
7/12/2022 12:03:17 PM +00:00,10.31,21.25,47.27132352941177,2.5,4.25,Litchi,2
7/12/2022 12:30:20 PM +00:00,251.18,30,33.63333333333333,7.5,6,Litchi,2
7/12/2022 12:31:20 PM +00:00,440,22,45.67454545454546,10,5.5,Litchi,1
7/12/2022 12:32:20 PM +00:00,460,23,43.708260869565216,9,5.75,Litchi,1
7/12/2022 12:33:20 PM +00:00,216.01,21.25,47.27132352941177,2.5,4.25,Litchi,2
7/12/2022 12:34:20 PM +00:00,380,19,52.82157894736842,1,4.75,Litchi,1
7/12/2022 12:35:20 PM +00:00,77.83,26.25,38.3577380952381,8.75,5.25,Litchi,2
7/12/2022 12:36:20 PM +00:00,362.64,43.75,23.294642857142854,5,8.75,Tomato,2
7/12/2022 12:37:20 PM +00:00,440,22,45.67454545454546,8,5.5,Litchi,1
7/12/2022 12:38:20 PM +00:00,320,16,62.66,7,4,Litchi,1
7/12/2022 12:39:20 PM +00:00,252.13,27.5,36.63863636363636,7.5,5.5,Litchi,2
7/12/2022 12:04:17 PM +00:00,506.53,46.25,22.08412162162162,6.25,9.25,Tomato,2
7/12/2022 12:40:20 PM +00:00,600.56,45,22.67222222222222,3.75,9,Tomato,2
7/12/2022 12:41:22 PM +00:00,309.41,37.5,27.041666666666664,2.5,7.5,Tomato,2
7/12/2022 12:42:21 PM +00:00,780,39,26.031025641025643,8,9.75,Tomato,1
7/12/2022 12:43:21 PM +00:00,527.58,37.5,27.041666666666664,12.5,7.5,Tomato,2
7/12/2022 12:44:21 PM +00:00,359.79,35,28.921428571428574,10,7,Tomato,2
7/12/2022 12:45:21 PM +00:00,380,19,52.82157894736842,6,4.75,Litchi,1
7/12/2022 12:46:21 PM +00:00,131.69,27.5,36.63863636363636,7.5,5.5,Litchi,2
7/12/2022 12:47:21 PM +00:00,228.8,26.25,38.3577380952381,8.75,5.25,Litchi,2
7/12/2022 12:48:21 PM +00:00,480,24,41.90666666666667,5,6,Litchi,1
7/12/2022 12:49:22 PM +00:00,147.15,27.5,36.63863636363636,12.5,5.5,Litchi,2
7/12/2022 12:05:17 PM +00:00,420,21,47.82904761904762,6,5.25,Litchi,1
7/12/2022 12:50:21 PM +00:00,43.36,41.25,24.654924242424244,2.5,8.25,Tomato,2
7/12/2022 12:51:22 PM +00:00,234.15,42.5,23.954411764705885,10,8.5,Tomato,2
7/12/2022 12:52:22 PM +00:00,700,35,28.921428571428574,4,8.75,Tomato,1
7/12/2022 12:53:24 PM +00:00,360,18,55.73555555555556,7,4.5,Litchi,1
7/12/2022 12:54:22 PM +00:00,740,37,27.397027027027026,3,9.25,Tomato,1
7/12/2022 12:55:22 PM +00:00,600,30,33.63333333333333,1,7.5,Tomato,1
7/12/2022 12:56:22 PM +00:00,400,20,50.2,3,5,Litchi,1
7/12/2022 12:57:22 PM +00:00,673.87,48.75,21.00032051282051,1.25,9.75,Tomato,2
7/12/2022 12:58:22 PM +00:00,71.32,27.5,36.63863636363636,8.75,5.5,Litchi,2
7/12/2022 12:59:23 PM +00:00,340,17,58.99352941176471,9,4.25,Litchi,1
7/12/2022 12:06:17 PM +00:00,105.02,25,40.25,7.5,5,Litchi,2
7/12/2022 12:07:19 PM +00:00,444.63,32.5,31.09423076923077,8.75,6.5,Litchi,2
7/12/2022 12:08:21 PM +00:00,306.32,22.5,44.669444444444444,7.5,4.5,Litchi,2
7/12/2022 12:09:17 PM +00:00,460.44,32.5,31.09423076923077,3.75,6.5,Litchi,2
7/12/2022 1:00:23 PM +00:00,444.34,43.75,23.294642857142854,5,8.75,Tomato,2
7/12/2022 1:01:24 PM +00:00,600,30,33.63333333333333,2,7.5,Tomato,1
7/12/2022 1:10:24 PM +00:00,540,27,37.30703703703704,9,6.75,Tomato,1
7/12/2022 1:11:24 PM +00:00,324.85,33.75,29.967129629629625,1.25,6.75,Tomato,2
7/12/2022 1:12:24 PM +00:00,480,24,41.90666666666667,3,6,Litchi,1
7/12/2022 1:13:24 PM +00:00,160.3,26.25,38.3577380952381,10,5.25,Litchi,2
7/12/2022 1:14:25 PM +00:00,760,38,26.69578947368421,2,9.5,Tomato,1
7/12/2022 1:15:24 PM +00:00,640,32,31.57,9,8,Tomato,1
7/12/2022 1:16:24 PM +00:00,320,16,62.66,3,4,Litchi,1
7/12/2022 1:17:24 PM +00:00,174.52,38.75,26.193951612903223,12.5,7.75,Tomato,2
7/12/2022 1:18:24 PM +00:00,276.31,37.5,27.041666666666664,3.75,7.5,Tomato,2
7/12/2022 1:19:25 PM +00:00,380,19,52.82157894736842,8,4.75,Litchi,1
7/12/2022 1:02:23 PM +00:00,518.27,32.5,31.09423076923077,2.5,6.5,Litchi,2
7/12/2022 1:20:24 PM +00:00,340,17,58.99352941176471,10,4.25,Litchi,1
7/12/2022 1:21:24 PM +00:00,308.08,23.75,42.34276315789473,3.75,4.75,Litchi,2
7/12/2022 1:22:25 PM +00:00,380,19,52.82157894736842,8,4.75,Litchi,1
7/12/2022 1:23:25 PM +00:00,540,27,37.30703703703704,2,6.75,Tomato,1
7/12/2022 1:24:25 PM +00:00,760,38,26.69578947368421,1,9.5,Tomato,1
7/12/2022 1:25:25 PM +00:00,104.6,30,33.63333333333333,11.25,6,Litchi,2
7/12/2022 1:26:25 PM +00:00,667.16,42.5,23.954411764705885,2.5,8.5,Tomato,2
7/12/2022 1:27:25 PM +00:00,377.08,37.5,27.041666666666664,7.5,7.5,Tomato,2
7/12/2022 1:28:25 PM +00:00,720,36,28.137777777777778,8,9,Tomato,1
7/12/2022 1:29:25 PM +00:00,13.11,21.25,47.27132352941177,11.25,4.25,Litchi,2
7/12/2022 1:03:23 PM +00:00,14.65,20,50.2,11.25,4,Litchi,2
7/12/2022 1:30:27 PM +00:00,500,25,40.25,5,6.25,Litchi,1
7/12/2022 1:31:25 PM +00:00,183.19,22.5,44.669444444444444,7.5,4.5,Litchi,2
7/12/2022 1:32:26 PM +00:00,700,35,28.921428571428574,10,8.75,Tomato,1
7/12/2022 1:04:23 PM +00:00,325.94,23.75,42.34276315789473,2.5,4.75,Litchi,2
7/12/2022 1:05:23 PM +00:00,147.56,21.25,47.27132352941177,3.75,4.25,Litchi,2
7/12/2022 1:06:23 PM +00:00,195.6,38.75,26.193951612903223,11.25,7.75,Tomato,2
7/12/2022 1:07:23 PM +00:00,84.11,22.5,44.669444444444444,3.75,4.5,Litchi,2
7/12/2022 1:08:23 PM +00:00,643.59,46.25,22.08412162162162,1.25,9.25,Tomato,2
7/12/2022 1:09:23 PM +00:00,498.06,45,22.67222222222222,1.25,9,Tomato,2
7/12/2022 5:13:09 AM +00:00,334.06,23.75,42.34276315789473,8.75,4.75,Litchi,2
7/12/2022 5:14:05 AM +00:00,339.25,38.75,26.193951612903223,2.5,7.75,Tomato,2
7/12/2022 5:15:06 AM +00:00,340,17,58.99352941176471,10,4.25,Litchi,1
7/12/2022 5:16:05 AM +00:00,315.43,28.75,35.07010869565217,12.5,5.75,Litchi,2
7/12/2022 5:17:06 AM +00:00,340,17,58.99352941176471,3,4.25,Litchi,1
7/12/2022 5:18:06 AM +00:00,84.68,22.5,44.669444444444444,11.25,4.5,Litchi,2
7/12/2022 5:19:06 AM +00:00,680,34,29.751764705882355,8,8.5,Tomato,1
7/12/2022 5:20:06 AM +00:00,700,35,28.921428571428574,3,8.75,Tomato,1
7/12/2022 5:21:06 AM +00:00,246.39,33.75,29.967129629629625,1.25,6.75,Tomato,2
7/12/2022 5:22:06 AM +00:00,225.7,21.25,47.27132352941177,12.5,4.25,Litchi,2
7/12/2022 5:23:06 AM +00:00,331.04,45,22.67222222222222,5,9,Tomato,2
7/12/2022 5:24:06 AM +00:00,440,22,45.67454545454546,1,5.5,Litchi,1
7/12/2022 5:25:08 AM +00:00,660,33,30.633030303030303,9,8.25,Tomato,1
7/12/2022 5:26:06 AM +00:00,620,31,32.568064516129034,9,7.75,Tomato,1
7/12/2022 5:27:07 AM +00:00,340,17,58.99352941176471,10,4.25,Litchi,1
7/12/2022 5:28:07 AM +00:00,349.28,27.5,36.63863636363636,10,5.5,Litchi,2
7/12/2022 5:29:07 AM +00:00,620,31,32.568064516129034,4,7.75,Tomato,1
7/12/2022 5:30:07 AM +00:00,660,33,30.633030303030303,3,8.25,Tomato,1
7/12/2022 5:31:07 AM +00:00,322.58,22.5,44.669444444444444,3.75,4.5,Litchi,2
7/12/2022 5:32:07 AM +00:00,660,33,30.633030303030303,1,8.25,Tomato,1
7/12/2022 5:33:07 AM +00:00,352.85,38.75,26.193951612903223,8.75,7.75,Tomato,2
7/12/2022 5:34:07 AM +00:00,463.99,38.75,26.193951612903223,10,7.75,Tomato,2
7/12/2022 5:35:07 AM +00:00,740,37,27.397027027027026,9,9.25,Tomato,1
7/12/2022 5:36:07 AM +00:00,527.23,47.5,21.527631578947368,12.5,9.5,Tomato,2
7/12/2022 5:37:07 AM +00:00,400,20,50.2,9,5,Litchi,1
7/12/2022 5:38:08 AM +00:00,210.31,36.25,27.948706896551727,10,7.25,Tomato,2
7/12/2022 5:39:08 AM +00:00,580,29,34.77275862068965,2,7.25,Tomato,1
7/12/2022 5:40:08 AM +00:00,284.25,26.25,38.3577380952381,1.25,5.25,Litchi,2
7/12/2022 5:41:08 AM +00:00,700,35,28.921428571428574,1,8.75,Tomato,1
7/12/2022 5:42:08 AM +00:00,480,24,41.90666666666667,8,6,Litchi,1
7/12/2022 5:43:08 AM +00:00,186.17,46.25,22.08412162162162,11.25,9.25,Tomato,2
7/12/2022 5:44:08 AM +00:00,600,30,33.63333333333333,9,7.5,Tomato,1
7/12/2022 5:45:08 AM +00:00,540,27,37.30703703703704,3,6.75,Tomato,1
7/12/2022 5:46:09 AM +00:00,400,20,50.2,1,5,Litchi,1
7/12/2022 5:47:09 AM +00:00,560,28,35.994285714285716,6,7,Tomato,1
7/12/2022 5:48:09 AM +00:00,490.88,38.75,26.193951612903223,1.25,7.75,Tomato,2
7/12/2022 5:49:09 AM +00:00,580,29,34.77275862068965,5,7.25,Tomato,1
7/12/2022 5:50:09 AM +00:00,720,36,28.137777777777778,10,9,Tomato,1
7/12/2022 5:51:09 AM +00:00,295.18,40,25.4,7.5,8,Tomato,2
7/12/2022 5:52:09 AM +00:00,500,25,40.25,2,6.25,Litchi,1
7/12/2022 5:53:09 AM +00:00,138.57,35,28.921428571428574,8.75,7,Tomato,2
7/12/2022 5:54:09 AM +00:00,149.83,32.5,31.09423076923077,11.25,6.5,Litchi,2
7/12/2022 5:55:09 AM +00:00,467.63,41.25,24.654924242424244,12.5,8.25,Tomato,2
7/12/2022 5:56:10 AM +00:00,675.57,48.75,21.00032051282051,3.75,9.75,Tomato,2
7/12/2022 5:57:10 AM +00:00,253.17,21.25,47.27132352941177,10,4.25,Litchi,2
7/12/2022 5:58:10 AM +00:00,340,17,58.99352941176471,3,4.25,Litchi,1
7/12/2022 5:59:10 AM +00:00,720,36,28.137777777777778,2,9,Tomato,1
7/12/2022 6:00:11 AM +00:00,40.83,33.75,29.967129629629625,11.25,6.75,Tomato,2
7/12/2022 6:01:10 AM +00:00,620,31,32.568064516129034,10,7.75,Tomato,1
7/12/2022 6:10:11 AM +00:00,773.69,48.75,21.00032051282051,7.5,9.75,Tomato,2
7/12/2022 6:11:11 AM +00:00,272.59,43.75,23.294642857142854,6.25,8.75,Tomato,2
7/12/2022 6:12:11 AM +00:00,760,38,26.69578947368421,7,9.5,Tomato,1
7/12/2022 6:13:11 AM +00:00,571.5,45,22.67222222222222,12.5,9,Tomato,2
7/12/2022 6:14:12 AM +00:00,50.29,40,25.4,7.5,8,Tomato,2
7/12/2022 6:15:13 AM +00:00,89.53,38.75,26.193951612903223,11.25,7.75,Tomato,2
7/12/2022 6:16:12 AM +00:00,740,37,27.397027027027026,2,9.25,Tomato,1
7/12/2022 6:17:12 AM +00:00,520,26,38.72153846153846,4,6.5,Litchi,1
7/12/2022 6:18:12 AM +00:00,392.44,32.5,31.09423076923077,1.25,6.5,Litchi,2
7/12/2022 6:19:12 AM +00:00,440,22,45.67454545454546,5,5.5,Litchi,1
7/12/2022 6:02:10 AM +00:00,760,38,26.69578947368421,1,9.5,Tomato,1
7/12/2022 6:20:12 AM +00:00,560,28,35.994285714285716,1,7,Tomato,1
7/12/2022 6:21:12 AM +00:00,740,37,27.397027027027026,3,9.25,Tomato,1
7/12/2022 6:22:12 AM +00:00,740,37,27.397027027027026,9,9.25,Tomato,1
7/12/2022 6:23:12 AM +00:00,340,17,58.99352941176471,6,4.25,Litchi,1
7/12/2022 6:24:14 AM +00:00,231.88,36.25,27.948706896551727,5,7.25,Tomato,2
7/12/2022 6:25:13 AM +00:00,720,36,28.137777777777778,3,9,Tomato,1
7/12/2022 6:26:13 AM +00:00,640,32,31.57,9,8,Tomato,1
7/12/2022 6:27:13 AM +00:00,380,19,52.82157894736842,8,4.75,Litchi,1
7/12/2022 6:28:13 AM +00:00,460,23,43.708260869565216,7,5.75,Litchi,1
7/12/2022 6:29:13 AM +00:00,352.49,43.75,23.294642857142854,12.5,8.75,Tomato,2
7/12/2022 6:03:10 AM +00:00,447.67,42.5,23.954411764705885,5,8.5,Tomato,2
7/12/2022 6:30:13 AM +00:00,440,22,45.67454545454546,2,5.5,Litchi,1
7/12/2022 6:31:13 AM +00:00,231.22,45,22.67222222222222,12.5,9,Tomato,2
7/12/2022 6:32:13 AM +00:00,328.36,21.25,47.27132352941177,10,4.25,Litchi,2
7/12/2022 6:33:14 AM +00:00,106.5,45,22.67222222222222,8.75,9,Tomato,2
7/12/2022 6:34:13 AM +00:00,520,26,38.72153846153846,2,6.5,Litchi,1
7/12/2022 6:35:13 AM +00:00,380,19,52.82157894736842,7,4.75,Litchi,1
7/12/2022 6:36:14 AM +00:00,700,35,28.921428571428574,3,8.75,Tomato,1
7/12/2022 6:37:14 AM +00:00,600,30,33.63333333333333,5,7.5,Tomato,1
7/12/2022 6:38:14 AM +00:00,500,25,40.25,7,6.25,Litchi,1
7/12/2022 6:39:14 AM +00:00,238.29,38.75,26.193951612903223,10,7.75,Tomato,2
7/12/2022 6:04:12 AM +00:00,242.66,41.25,24.654924242424244,2.5,8.25,Tomato,2
7/12/2022 6:40:14 AM +00:00,484.5,38.75,26.193951612903223,2.5,7.75,Tomato,2
7/12/2022 6:41:14 AM +00:00,660,33,30.633030303030303,6,8.25,Tomato,1
7/12/2022 6:42:14 AM +00:00,720,36,28.137777777777778,5,9,Tomato,1
7/12/2022 6:43:14 AM +00:00,4.73,25,40.25,3.75,5,Litchi,2
7/12/2022 6:44:14 AM +00:00,760,38,26.69578947368421,8,9.5,Tomato,1
7/12/2022 6:45:14 AM +00:00,340,17,58.99352941176471,6,4.25,Litchi,1
7/12/2022 6:46:15 AM +00:00,291.61,37.5,27.041666666666664,5,7.5,Tomato,2
7/12/2022 6:47:15 AM +00:00,360,18,55.73555555555556,3,4.5,Litchi,1
7/12/2022 6:48:15 AM +00:00,494.93,47.5,21.527631578947368,7.5,9.5,Tomato,2
7/12/2022 6:49:15 AM +00:00,746.11,48.75,21.00032051282051,12.5,9.75,Tomato,2
7/12/2022 6:05:11 AM +00:00,760,38,26.69578947368421,9,9.5,Tomato,1
7/12/2022 6:50:17 AM +00:00,299.53,22.5,44.669444444444444,12.5,4.5,Litchi,2
7/12/2022 6:51:15 AM +00:00,291.3,22.5,44.669444444444444,2.5,4.5,Litchi,2
7/12/2022 6:52:15 AM +00:00,492.22,48.75,21.00032051282051,2.5,9.75,Tomato,2
7/12/2022 6:53:15 AM +00:00,440,22,45.67454545454546,3,5.5,Litchi,1
7/12/2022 6:54:15 AM +00:00,400,20,50.2,9,5,Litchi,1
7/12/2022 6:55:15 AM +00:00,720,36,28.137777777777778,8,9,Tomato,1
7/12/2022 6:56:15 AM +00:00,360,18,55.73555555555556,3,4.5,Litchi,1
7/12/2022 6:57:15 AM +00:00,401.19,40,25.4,8.75,8,Tomato,2
7/12/2022 6:58:16 AM +00:00,2.59,33.75,29.967129629629625,8.75,6.75,Tomato,2
7/12/2022 6:59:16 AM +00:00,475.85,33.75,29.967129629629625,6.25,6.75,Tomato,2
7/12/2022 6:06:11 AM +00:00,720,36,28.137777777777778,2,9,Tomato,1
7/12/2022 6:07:11 AM +00:00,245.99,41.25,24.654924242424244,6.25,8.25,Tomato,2
7/12/2022 6:08:11 AM +00:00,444.54,36.25,27.948706896551727,1.25,7.25,Tomato,2
7/12/2022 6:09:11 AM +00:00,560,28,35.994285714285716,4,7,Tomato,1
7/12/2022 7:00:16 AM +00:00,185.46,25,40.25,2.5,5,Litchi,2
7/12/2022 7:01:16 AM +00:00,600.31,45,22.67222222222222,11.25,9,Tomato,2
7/12/2022 7:10:17 AM +00:00,680,34,29.751764705882355,3,8.5,Tomato,1
7/12/2022 7:11:17 AM +00:00,156.97,22.5,44.669444444444444,5,4.5,Litchi,2
7/12/2022 7:12:17 AM +00:00,600,30,33.63333333333333,6,7.5,Tomato,1
7/12/2022 7:13:17 AM +00:00,480,24,41.90666666666667,7,6,Litchi,1
7/12/2022 7:14:17 AM +00:00,480,24,41.90666666666667,1,6,Litchi,1
7/12/2022 7:15:17 AM +00:00,640,32,31.57,1,8,Tomato,1
7/12/2022 7:16:17 AM +00:00,480,24,41.90666666666667,2,6,Litchi,1
7/12/2022 7:17:17 AM +00:00,740,37,27.397027027027026,2,9.25,Tomato,1
7/12/2022 7:18:18 AM +00:00,640,32,31.57,3,8,Tomato,1
7/12/2022 7:19:17 AM +00:00,202.9,27.5,36.63863636363636,8.75,5.5,Litchi,2
7/12/2022 7:02:16 AM +00:00,320,16,62.66,7,4,Litchi,1
7/12/2022 7:20:18 AM +00:00,540,27,37.30703703703704,1,6.75,Tomato,1
7/12/2022 7:21:18 AM +00:00,620,31,32.568064516129034,3,7.75,Tomato,1
7/12/2022 7:22:18 AM +00:00,700,35,28.921428571428574,10,8.75,Tomato,1
7/12/2022 7:23:18 AM +00:00,480,24,41.90666666666667,8,6,Litchi,1
7/12/2022 7:24:20 AM +00:00,380,19,52.82157894736842,5,4.75,Litchi,1
7/12/2022 7:25:18 AM +00:00,126.53,20,50.2,5,4,Litchi,2
7/12/2022 7:26:18 AM +00:00,600,30,33.63333333333333,5,7.5,Tomato,1
7/12/2022 7:27:19 AM +00:00,612.65,46.25,22.08412162162162,11.25,9.25,Tomato,2
7/12/2022 7:28:21 AM +00:00,458.62,46.25,22.08412162162162,2.5,9.25,Tomato,2
7/12/2022 7:29:18 AM +00:00,460,23,43.708260869565216,5,5.75,Litchi,1
7/12/2022 7:03:16 AM +00:00,543.63,47.5,21.527631578947368,7.5,9.5,Tomato,2
7/12/2022 7:30:19 AM +00:00,29.76,35,28.921428571428574,1.25,7,Tomato,2
7/12/2022 7:31:19 AM +00:00,740,37,27.397027027027026,2,9.25,Tomato,1
7/12/2022 7:32:19 AM +00:00,9.64,48.75,21.00032051282051,8.75,9.75,Tomato,2
7/12/2022 7:33:19 AM +00:00,255.78,30,33.63333333333333,6.25,6,Litchi,2
7/12/2022 7:34:19 AM +00:00,278.84,20,50.2,5,4,Litchi,2
7/12/2022 7:35:21 AM +00:00,380,19,52.82157894736842,7,4.75,Litchi,1
7/12/2022 7:36:19 AM +00:00,95.49,25,40.25,5,5,Litchi,2
7/12/2022 7:37:19 AM +00:00,383.9,30,33.63333333333333,2.5,6,Litchi,2
7/12/2022 7:38:19 AM +00:00,440,22,45.67454545454546,4,5.5,Litchi,1
7/12/2022 7:39:19 AM +00:00,560,28,35.994285714285716,6,7,Tomato,1
7/12/2022 7:04:16 AM +00:00,496.76,48.75,21.00032051282051,2.5,9.75,Tomato,2
7/12/2022 7:40:20 AM +00:00,311.07,26.25,38.3577380952381,3.75,5.25,Litchi,2
7/12/2022 7:41:20 AM +00:00,460,23,43.708260869565216,5,5.75,Litchi,1
7/12/2022 7:42:20 AM +00:00,760,38,26.69578947368421,5,9.5,Tomato,1
7/12/2022 7:43:20 AM +00:00,720,36,28.137777777777778,8,9,Tomato,1
7/12/2022 7:44:23 AM +00:00,680,34,29.751764705882355,4,8.5,Tomato,1
7/12/2022 7:45:22 AM +00:00,213.02,38.75,26.193951612903223,5,7.75,Tomato,2
7/12/2022 7:46:20 AM +00:00,496.67,38.75,26.193951612903223,7.5,7.75,Tomato,2
7/12/2022 7:47:20 AM +00:00,49.89,40,25.4,3.75,8,Tomato,2
7/12/2022 7:48:20 AM +00:00,420,21,47.82904761904762,4,5.25,Litchi,1
7/12/2022 7:49:20 AM +00:00,256.95,31.25,32.3125,10,6.25,Litchi,2
7/12/2022 7:05:17 AM +00:00,560,28,35.994285714285716,4,7,Tomato,1
7/12/2022 7:50:21 AM +00:00,88.28,21.25,47.27132352941177,10,4.25,Litchi,2
7/12/2022 7:51:21 AM +00:00,620,31,32.568064516129034,9,7.75,Tomato,1
7/12/2022 7:52:21 AM +00:00,780,39,26.031025641025643,6,9.75,Tomato,1
7/12/2022 7:53:21 AM +00:00,322.65,47.5,21.527631578947368,5,9.5,Tomato,2
7/12/2022 7:54:21 AM +00:00,244.3,47.5,21.527631578947368,5,9.5,Tomato,2
7/12/2022 7:55:21 AM +00:00,69.23,27.5,36.63863636363636,12.5,5.5,Litchi,2
7/12/2022 7:56:21 AM +00:00,740,37,27.397027027027026,1,9.25,Tomato,1
7/12/2022 7:57:21 AM +00:00,387.81,28.75,35.07010869565217,3.75,5.75,Litchi,2
7/12/2022 7:58:22 AM +00:00,760,38,26.69578947368421,10,9.5,Tomato,1
7/12/2022 7:59:22 AM +00:00,780,39,26.031025641025643,5,9.75,Tomato,1
7/12/2022 7:06:16 AM +00:00,420,21,47.82904761904762,1,5.25,Litchi,1
7/12/2022 7:07:16 AM +00:00,483.84,45,22.67222222222222,1.25,9,Tomato,2
7/12/2022 7:08:17 AM +00:00,688.79,43.75,23.294642857142854,10,8.75,Tomato,2
7/12/2022 7:09:17 AM +00:00,740,37,27.397027027027026,9,9.25,Tomato,1
7/12/2022 8:00:23 AM +00:00,441.45,28.75,35.07010869565217,11.25,5.75,Litchi,2
7/12/2022 8:01:22 AM +00:00,720,36,28.137777777777778,5,9,Tomato,1
7/12/2022 8:10:24 AM +00:00,700,35,28.921428571428574,8,8.75,Tomato,1
7/12/2022 8:11:23 AM +00:00,540,27,37.30703703703704,7,6.75,Tomato,1
7/12/2022 8:12:23 AM +00:00,420,21,47.82904761904762,9,5.25,Litchi,1
7/12/2022 8:13:23 AM +00:00,760,38,26.69578947368421,7,9.5,Tomato,1
7/12/2022 8:14:23 AM +00:00,691.65,48.75,21.00032051282051,12.5,9.75,Tomato,2
7/12/2022 8:15:23 AM +00:00,620,31,32.568064516129034,10,7.75,Tomato,1
7/12/2022 8:16:23 AM +00:00,93.58,23.75,42.34276315789473,5,4.75,Litchi,2
7/12/2022 8:17:24 AM +00:00,476.11,32.5,31.09423076923077,5,6.5,Litchi,2
7/12/2022 8:18:23 AM +00:00,380,19,52.82157894736842,10,4.75,Litchi,1
7/12/2022 8:19:24 AM +00:00,171.74,33.75,29.967129629629625,8.75,6.75,Tomato,2
7/12/2022 8:02:22 AM +00:00,52.77,40,25.4,1.25,8,Tomato,2
7/12/2022 8:20:24 AM +00:00,320,16,62.66,6,4,Litchi,1
7/12/2022 8:21:24 AM +00:00,400,20,50.2,3,5,Litchi,1
7/12/2022 8:22:24 AM +00:00,660,33,30.633030303030303,6,8.25,Tomato,1
7/12/2022 8:23:24 AM +00:00,760,38,26.69578947368421,9,9.5,Tomato,1
7/12/2022 8:24:24 AM +00:00,460,23,43.708260869565216,3,5.75,Litchi,1
7/12/2022 8:25:24 AM +00:00,320.78,37.5,27.041666666666664,8.75,7.5,Tomato,2
7/12/2022 8:26:24 AM +00:00,480,24,41.90666666666667,6,6,Litchi,1
7/12/2022 8:27:24 AM +00:00,320,16,62.66,10,4,Litchi,1
7/12/2022 8:28:24 AM +00:00,500,25,40.25,9,6.25,Litchi,1
7/12/2022 8:29:25 AM +00:00,460,23,43.708260869565216,9,5.75,Litchi,1
7/12/2022 8:03:22 AM +00:00,276.03,46.25,22.08412162162162,2.5,9.25,Tomato,2
7/12/2022 8:30:24 AM +00:00,133.45,23.75,42.34276315789473,1.25,4.75,Litchi,2
7/12/2022 8:31:25 AM +00:00,167.93,48.75,21.00032051282051,7.5,9.75,Tomato,2
7/12/2022 8:32:25 AM +00:00,680,34,29.751764705882355,9,8.5,Tomato,1
7/12/2022 8:33:25 AM +00:00,530.49,47.5,21.527631578947368,5,9.5,Tomato,2
7/12/2022 8:34:25 AM +00:00,354.49,27.5,36.63863636363636,7.5,5.5,Litchi,2
7/12/2022 8:35:25 AM +00:00,499.26,45,22.67222222222222,3.75,9,Tomato,2
7/12/2022 8:36:25 AM +00:00,58.65,37.5,27.041666666666664,11.25,7.5,Tomato,2
7/12/2022 8:37:25 AM +00:00,394.03,40,25.4,1.25,8,Tomato,2
7/12/2022 8:38:26 AM +00:00,425.31,42.5,23.954411764705885,6.25,8.5,Tomato,2
7/12/2022 8:39:25 AM +00:00,389.69,28.75,35.07010869565217,1.25,5.75,Litchi,2
7/12/2022 8:04:22 AM +00:00,320,16,62.66,6,4,Litchi,1
7/12/2022 8:40:26 AM +00:00,380,19,52.82157894736842,8,4.75,Litchi,1
7/12/2022 8:41:27 AM +00:00,400,20,50.2,8,5,Litchi,1
7/12/2022 8:42:26 AM +00:00,740,37,27.397027027027026,3,9.25,Tomato,1
7/12/2022 8:43:26 AM +00:00,367.51,26.25,38.3577380952381,3.75,5.25,Litchi,2
7/12/2022 8:44:26 AM +00:00,640,32,31.57,8,8,Tomato,1
7/12/2022 8:45:26 AM +00:00,166.27,20,50.2,8.75,4,Litchi,2
7/12/2022 8:46:26 AM +00:00,580,29,34.77275862068965,8,7.25,Tomato,1
7/12/2022 8:47:26 AM +00:00,353.87,35,28.921428571428574,3.75,7,Tomato,2
7/12/2022 8:48:27 AM +00:00,106.44,22.5,44.669444444444444,5,4.5,Litchi,2
7/12/2022 8:49:26 AM +00:00,480,24,41.90666666666667,3,6,Litchi,1
7/12/2022 8:05:23 AM +00:00,764.65,48.75,21.00032051282051,8.75,9.75,Tomato,2
7/12/2022 8:50:26 AM +00:00,547.53,41.25,24.654924242424244,11.25,8.25,Tomato,2
7/12/2022 8:51:27 AM +00:00,320,16,62.66,5,4,Litchi,1
7/12/2022 8:52:27 AM +00:00,14.95,38.75,26.193951612903223,5,7.75,Tomato,2
7/12/2022 8:53:27 AM +00:00,600,30,33.63333333333333,4,7.5,Tomato,1
7/12/2022 8:54:29 AM +00:00,380,19,52.82157894736842,4,4.75,Litchi,1
7/12/2022 8:55:27 AM +00:00,73.51,21.25,47.27132352941177,2.5,4.25,Litchi,2
7/12/2022 8:56:27 AM +00:00,217.2,35,28.921428571428574,5,7,Tomato,2
7/12/2022 8:57:27 AM +00:00,543.51,35,28.921428571428574,6.25,7,Tomato,2
7/12/2022 8:58:28 AM +00:00,543.2,42.5,23.954411764705885,2.5,8.5,Tomato,2
7/12/2022 8:59:27 AM +00:00,720,36,28.137777777777778,2,9,Tomato,1
7/12/2022 8:06:22 AM +00:00,760,38,26.69578947368421,9,9.5,Tomato,1
7/12/2022 8:07:22 AM +00:00,400,20,50.2,2,5,Litchi,1
7/12/2022 8:08:23 AM +00:00,184.27,46.25,22.08412162162162,12.5,9.25,Tomato,2
7/12/2022 8:09:23 AM +00:00,420,21,47.82904761904762,2,5.25,Litchi,1
7/12/2022 9:00:27 AM +00:00,358.9,26.25,38.3577380952381,5,5.25,Litchi,2
7/12/2022 9:01:27 AM +00:00,281.92,43.75,23.294642857142854,1.25,8.75,Tomato,2
7/12/2022 9:10:28 AM +00:00,322.35,30,33.63333333333333,3.75,6,Litchi,2
7/12/2022 9:11:29 AM +00:00,197.58,38.75,26.193951612903223,5,7.75,Tomato,2
7/12/2022 9:12:29 AM +00:00,560,28,35.994285714285716,10,7,Tomato,1
7/12/2022 9:13:29 AM +00:00,24.38,20,50.2,8.75,4,Litchi,2
7/12/2022 9:14:29 AM +00:00,320,16,62.66,5,4,Litchi,1
7/12/2022 9:15:29 AM +00:00,195.57,20,50.2,1.25,4,Litchi,2
7/12/2022 9:16:00 AM +00:00,222.79,41.25,24.654924242424244,3.75,8.25,Tomato,2
7/12/2022 9:17:01 AM +00:00,510.39,37.5,27.041666666666664,3.75,7.5,Tomato,2
7/12/2022 9:18:29 AM +00:00,320,16,62.66,5,4,Litchi,1
7/12/2022 9:19:29 AM +00:00,500,25,40.25,10,6.25,Litchi,1
7/12/2022 9:02:28 AM +00:00,237.47,31.25,32.3125,7.5,6.25,Litchi,2
7/12/2022 9:20:29 AM +00:00,98.78,38.75,26.193951612903223,7.5,7.75,Tomato,2
7/12/2022 9:21:00 AM +00:00,460,23,43.708260869565216,5,5.75,Litchi,1
7/12/2022 9:22:30 AM +00:00,627.81,41.25,24.654924242424244,10,8.25,Tomato,2
7/12/2022 9:23:00 AM +00:00,614.19,38.75,26.193951612903223,11.25,7.75,Tomato,2
7/12/2022 9:24:00 AM +00:00,660,33,30.633030303030303,8,8.25,Tomato,1
7/12/2022 9:25:00 AM +00:00,3.79,32.5,31.09423076923077,12.5,6.5,Litchi,2
7/12/2022 9:26:00 AM +00:00,57.46,21.25,47.27132352941177,12.5,4.25,Litchi,2
7/12/2022 9:27:00 AM +00:00,68.74,23.75,42.34276315789473,5,4.75,Litchi,2
7/12/2022 9:28:00 AM +00:00,720,36,28.137777777777778,4,9,Tomato,1
7/12/2022 9:29:00 AM +00:00,56.49,25,40.25,1.25,5,Litchi,2
7/12/2022 9:03:29 AM +00:00,360,18,55.73555555555556,7,4.5,Litchi,1
7/12/2022 9:30:00 AM +00:00,320,16,62.66,1,4,Litchi,1
7/12/2022 9:31:00 AM +00:00,600,30,33.63333333333333,7,7.5,Tomato,1
7/12/2022 9:32:02 AM +00:00,340.77,47.5,21.527631578947368,6.25,9.5,Tomato,2
7/12/2022 9:33:00 AM +00:00,60.18,20,50.2,6.25,4,Litchi,2
7/12/2022 9:34:01 AM +00:00,480,24,41.90666666666667,4,6,Litchi,1
7/12/2022 9:35:01 AM +00:00,580,29,34.77275862068965,5,7.25,Tomato,1
7/12/2022 9:36:01 AM +00:00,276.8,41.25,24.654924242424244,6.25,8.25,Tomato,2
7/12/2022 9:37:01 AM +00:00,261.83,22.5,44.669444444444444,11.25,4.5,Litchi,2
7/12/2022 9:38:01 AM +00:00,540,27,37.30703703703704,1,6.75,Tomato,1
7/12/2022 9:39:03 AM +00:00,380,19,52.82157894736842,10,4.75,Litchi,1
7/12/2022 9:04:28 AM +00:00,241.68,22.5,44.669444444444444,3.75,4.5,Litchi,2
7/12/2022 9:40:02 AM +00:00,500,25,40.25,8,6.25,Litchi,1
7/12/2022 9:41:01 AM +00:00,207.61,33.75,29.967129629629625,12.5,6.75,Tomato,2
7/12/2022 9:42:02 AM +00:00,197.8,23.75,42.34276315789473,5,4.75,Litchi,2
7/12/2022 9:43:02 AM +00:00,520,26,38.72153846153846,5,6.5,Litchi,1
7/12/2022 9:44:04 AM +00:00,84.45,20,50.2,11.25,4,Litchi,2
7/12/2022 9:45:03 AM +00:00,700,35,28.921428571428574,6,8.75,Tomato,1
7/12/2022 9:46:02 AM +00:00,124.86,42.5,23.954411764705885,6.25,8.5,Tomato,2
7/12/2022 9:47:02 AM +00:00,480,24,41.90666666666667,10,6,Litchi,1
7/12/2022 9:48:02 AM +00:00,580,29,34.77275862068965,6,7.25,Tomato,1
7/12/2022 9:49:02 AM +00:00,458.5,35,28.921428571428574,10,7,Tomato,2
7/12/2022 9:05:28 AM +00:00,194.4,28.75,35.07010869565217,1.25,5.75,Litchi,2
7/12/2022 9:50:02 AM +00:00,199,40,25.4,10,8,Tomato,2
7/12/2022 9:51:04 AM +00:00,460,23,43.708260869565216,9,5.75,Litchi,1
7/12/2022 9:52:03 AM +00:00,335.3,21.25,47.27132352941177,10,4.25,Litchi,2
7/12/2022 9:53:03 AM +00:00,144.45,45,22.67222222222222,12.5,9,Tomato,2
7/12/2022 9:54:03 AM +00:00,760,38,26.69578947368421,9,9.5,Tomato,1
7/12/2022 9:55:03 AM +00:00,540,27,37.30703703703704,7,6.75,Tomato,1
7/12/2022 9:56:03 AM +00:00,90.6,37.5,27.041666666666664,5,7.5,Tomato,2
7/12/2022 9:57:05 AM +00:00,380,19,52.82157894736842,1,4.75,Litchi,1
7/12/2022 9:58:03 AM +00:00,213.67,42.5,23.954411764705885,8.75,8.5,Tomato,2
7/12/2022 9:59:03 AM +00:00,580,29,34.77275862068965,6,7.25,Tomato,1
7/12/2022 9:06:28 AM +00:00,660,33,30.633030303030303,4,8.25,Tomato,1
7/12/2022 9:07:00 AM +00:00,394.79,45,22.67222222222222,12.5,9,Tomato,2
7/12/2022 9:08:28 AM +00:00,55.76,22.5,44.669444444444444,12.5,4.5,Litchi,2
7/12/2022 9:09:29 AM +00:00,97.7,43.75,23.294642857142854,3.75,8.75,Tomato,2
7/13/2022 5:10:09 AM +00:00,430.82,33.75,29.967129629629625,8.75,6.75,Tomato,2
7/13/2022 5:11:10 AM +00:00,580,29,34.77275862068965,7,7.25,Tomato,1
7/13/2022 5:12:10 AM +00:00,680,34,29.751764705882355,6,8.5,Tomato,1
7/13/2022 5:13:10 AM +00:00,586.45,41.25,24.654924242424244,8.75,8.25,Tomato,2
7/13/2022 5:14:11 AM +00:00,183.17,45,22.67222222222222,1.25,9,Tomato,2
7/13/2022 5:15:10 AM +00:00,157.09,40,25.4,8.75,8,Tomato,2
7/13/2022 5:16:10 AM +00:00,742.98,48.75,21.00032051282051,3.75,9.75,Tomato,2
7/13/2022 5:17:10 AM +00:00,520,26,38.72153846153846,1,6.5,Litchi,1
7/13/2022 5:18:10 AM +00:00,257.78,42.5,23.954411764705885,2.5,8.5,Tomato,2
7/13/2022 5:19:10 AM +00:00,341.38,47.5,21.527631578947368,1.25,9.5,Tomato,2
7/13/2022 5:02:12 AM +00:00,188.69,46.25,22.08412162162162,3.75,9.25,Tomato,2
7/13/2022 5:20:10 AM +00:00,580,29,34.77275862068965,10,7.25,Tomato,1
7/13/2022 5:21:10 AM +00:00,276.54,20,50.2,5,4,Litchi,2
7/13/2022 5:22:10 AM +00:00,153.37,28.75,35.07010869565217,1.25,5.75,Litchi,2
7/13/2022 5:23:11 AM +00:00,154.75,32.5,31.09423076923077,7.5,6.5,Litchi,2
7/13/2022 5:24:11 AM +00:00,600,30,33.63333333333333,8,7.5,Tomato,1
7/13/2022 5:25:11 AM +00:00,76.17,42.5,23.954411764705885,8.75,8.5,Tomato,2
7/13/2022 5:26:11 AM +00:00,438.5,48.75,21.00032051282051,8.75,9.75,Tomato,2
7/13/2022 5:27:12 AM +00:00,250.63,20,50.2,8.75,4,Litchi,2
7/13/2022 5:28:11 AM +00:00,680,34,29.751764705882355,9,8.5,Tomato,1
7/13/2022 5:29:11 AM +00:00,197.89,25,40.25,5,5,Litchi,2
7/13/2022 5:03:11 AM +00:00,600,30,33.63333333333333,2,7.5,Tomato,1
7/13/2022 5:30:11 AM +00:00,660,33,30.633030303030303,5,8.25,Tomato,1
7/13/2022 5:31:11 AM +00:00,600,30,33.63333333333333,3,7.5,Tomato,1
7/13/2022 5:32:11 AM +00:00,199.57,45,22.67222222222222,1.25,9,Tomato,2
7/13/2022 5:33:11 AM +00:00,51.77,33.75,29.967129629629625,6.25,6.75,Tomato,2
7/13/2022 5:34:11 AM +00:00,340,17,58.99352941176471,5,4.25,Litchi,1
7/13/2022 5:35:11 AM +00:00,340,17,58.99352941176471,9,4.25,Litchi,1
7/13/2022 5:36:12 AM +00:00,411.85,47.5,21.527631578947368,3.75,9.5,Tomato,2
7/13/2022 5:37:12 AM +00:00,445.04,38.75,26.193951612903223,3.75,7.75,Tomato,2
7/13/2022 5:38:12 AM +00:00,560,28,35.994285714285716,6,7,Tomato,1
7/13/2022 5:39:14 AM +00:00,600,30,33.63333333333333,9,7.5,Tomato,1
7/13/2022 5:04:09 AM +00:00,168.53,30,33.63333333333333,10,6,Litchi,2
7/13/2022 5:40:12 AM +00:00,274.76,45,22.67222222222222,10,9,Tomato,2
7/13/2022 5:41:12 AM +00:00,158.95,36.25,27.948706896551727,7.5,7.25,Tomato,2
7/13/2022 5:42:12 AM +00:00,420,21,47.82904761904762,3,5.25,Litchi,1
7/13/2022 5:43:12 AM +00:00,44.17,28.75,35.07010869565217,11.25,5.75,Litchi,2
7/13/2022 5:44:13 AM +00:00,28.28,36.25,27.948706896551727,1.25,7.25,Tomato,2
7/13/2022 5:45:12 AM +00:00,680,34,29.751764705882355,8,8.5,Tomato,1
7/13/2022 5:46:13 AM +00:00,579.21,41.25,24.654924242424244,2.5,8.25,Tomato,2
7/13/2022 5:47:13 AM +00:00,497.37,42.5,23.954411764705885,6.25,8.5,Tomato,2
7/13/2022 5:48:13 AM +00:00,125.15,21.25,47.27132352941177,2.5,4.25,Litchi,2
7/13/2022 5:49:13 AM +00:00,560,28,35.994285714285716,10,7,Tomato,1
7/13/2022 5:05:09 AM +00:00,780,39,26.031025641025643,2,9.75,Tomato,1
7/13/2022 5:50:13 AM +00:00,480,24,41.90666666666667,2,6,Litchi,1
7/13/2022 5:51:13 AM +00:00,191.39,21.25,47.27132352941177,7.5,4.25,Litchi,2
7/13/2022 5:52:13 AM +00:00,680,34,29.751764705882355,3,8.5,Tomato,1
7/13/2022 5:53:13 AM +00:00,380,19,52.82157894736842,6,4.75,Litchi,1
7/13/2022 5:54:15 AM +00:00,740,37,27.397027027027026,6,9.25,Tomato,1
7/13/2022 5:55:13 AM +00:00,96.05,27.5,36.63863636363636,7.5,5.5,Litchi,2
7/13/2022 5:56:14 AM +00:00,161.16,45,22.67222222222222,7.5,9,Tomato,2
7/13/2022 5:57:14 AM +00:00,95.01,33.75,29.967129629629625,6.25,6.75,Tomato,2
7/13/2022 5:58:14 AM +00:00,540,27,37.30703703703704,6,6.75,Tomato,1
7/13/2022 5:59:14 AM +00:00,560,28,35.994285714285716,6,7,Tomato,1
7/13/2022 5:06:09 AM +00:00,323.99,47.5,21.527631578947368,12.5,9.5,Tomato,2
7/13/2022 5:07:09 AM +00:00,388.21,48.75,21.00032051282051,7.5,9.75,Tomato,2
7/13/2022 5:08:09 AM +00:00,32.44,36.25,27.948706896551727,3.75,7.25,Tomato,2
7/13/2022 5:09:09 AM +00:00,440,22,45.67454545454546,8,5.5,Litchi,1
7/13/2022 6:00:14 AM +00:00,420,21,47.82904761904762,8,5.25,Litchi,1
7/13/2022 6:01:14 AM +00:00,540,27,37.30703703703704,10,6.75,Tomato,1
7/13/2022 6:10:15 AM +00:00,525.8,35,28.921428571428574,6.25,7,Tomato,2
7/13/2022 6:11:15 AM +00:00,500,25,40.25,3,6.25,Litchi,1
7/13/2022 6:12:15 AM +00:00,340,17,58.99352941176471,7,4.25,Litchi,1
7/13/2022 6:13:15 AM +00:00,440,22,45.67454545454546,1,5.5,Litchi,1
7/13/2022 6:14:15 AM +00:00,340,17,58.99352941176471,9,4.25,Litchi,1
7/13/2022 6:15:17 AM +00:00,660.1,43.75,23.294642857142854,2.5,8.75,Tomato,2
7/13/2022 6:16:16 AM +00:00,740,37,27.397027027027026,5,9.25,Tomato,1
7/13/2022 6:17:16 AM +00:00,413.12,31.25,32.3125,6.25,6.25,Litchi,2
7/13/2022 6:18:16 AM +00:00,640,32,31.57,8,8,Tomato,1
7/13/2022 6:19:16 AM +00:00,457.59,30,33.63333333333333,11.25,6,Litchi,2
7/13/2022 6:02:14 AM +00:00,228.22,38.75,26.193951612903223,1.25,7.75,Tomato,2
7/13/2022 6:20:16 AM +00:00,306.49,20,50.2,1.25,4,Litchi,2
7/13/2022 6:21:16 AM +00:00,38.11,46.25,22.08412162162162,1.25,9.25,Tomato,2
7/13/2022 6:22:16 AM +00:00,600,30,33.63333333333333,3,7.5,Tomato,1
7/13/2022 6:23:17 AM +00:00,740,37,27.397027027027026,2,9.25,Tomato,1
7/13/2022 6:24:16 AM +00:00,210.62,26.25,38.3577380952381,12.5,5.25,Litchi,2
7/13/2022 6:25:16 AM +00:00,263.64,38.75,26.193951612903223,11.25,7.75,Tomato,2
7/13/2022 6:26:17 AM +00:00,204.97,28.75,35.07010869565217,2.5,5.75,Litchi,2
7/13/2022 6:27:17 AM +00:00,720,36,28.137777777777778,5,9,Tomato,1
7/13/2022 6:28:19 AM +00:00,320,16,62.66,1,4,Litchi,1
7/13/2022 6:29:17 AM +00:00,780,39,26.031025641025643,10,9.75,Tomato,1
7/13/2022 6:03:14 AM +00:00,580,29,34.77275862068965,10,7.25,Tomato,1
7/13/2022 6:30:18 AM +00:00,420,21,47.82904761904762,2,5.25,Litchi,1
7/13/2022 6:31:17 AM +00:00,680.85,46.25,22.08412162162162,12.5,9.25,Tomato,2
7/13/2022 6:32:17 AM +00:00,480,24,41.90666666666667,6,6,Litchi,1
7/13/2022 6:33:17 AM +00:00,296.27,37.5,27.041666666666664,2.5,7.5,Tomato,2
7/13/2022 6:34:17 AM +00:00,500,25,40.25,3,6.25,Litchi,1
7/13/2022 6:35:17 AM +00:00,215.88,32.5,31.09423076923077,8.75,6.5,Litchi,2
7/13/2022 6:36:17 AM +00:00,228.47,47.5,21.527631578947368,1.25,9.5,Tomato,2
7/13/2022 6:37:18 AM +00:00,278.26,27.5,36.63863636363636,5,5.5,Litchi,2
7/13/2022 6:38:18 AM +00:00,302.24,45,22.67222222222222,5,9,Tomato,2
7/13/2022 6:39:18 AM +00:00,566.98,41.25,24.654924242424244,8.75,8.25,Tomato,2
7/13/2022 6:04:14 AM +00:00,740,37,27.397027027027026,9,9.25,Tomato,1
7/13/2022 6:40:20 AM +00:00,380,19,52.82157894736842,7,4.75,Litchi,1
7/13/2022 6:41:18 AM +00:00,540,27,37.30703703703704,6,6.75,Tomato,1
7/13/2022 6:42:18 AM +00:00,263.72,37.5,27.041666666666664,1.25,7.5,Tomato,2
7/13/2022 6:43:18 AM +00:00,620,31,32.568064516129034,8,7.75,Tomato,1
7/13/2022 6:44:18 AM +00:00,480,24,41.90666666666667,8,6,Litchi,1
7/13/2022 6:45:20 AM +00:00,580,29,34.77275862068965,5,7.25,Tomato,1
7/13/2022 6:46:19 AM +00:00,246.96,21.25,47.27132352941177,5,4.25,Litchi,2
7/13/2022 6:47:19 AM +00:00,280.33,40,25.4,6.25,8,Tomato,2
7/13/2022 6:48:19 AM +00:00,298.79,37.5,27.041666666666664,11.25,7.5,Tomato,2
7/13/2022 6:49:19 AM +00:00,400,20,50.2,8,5,Litchi,1
7/13/2022 6:05:15 AM +00:00,560,28,35.994285714285716,10,7,Tomato,1
7/13/2022 6:50:19 AM +00:00,357.72,47.5,21.527631578947368,11.25,9.5,Tomato,2
7/13/2022 6:51:19 AM +00:00,136.96,22.5,44.669444444444444,3.75,4.5,Litchi,2
7/13/2022 6:52:19 AM +00:00,405.44,38.75,26.193951612903223,3.75,7.75,Tomato,2
7/13/2022 6:53:19 AM +00:00,520,26,38.72153846153846,1,6.5,Litchi,1
7/13/2022 6:54:19 AM +00:00,347.03,36.25,27.948706896551727,6.25,7.25,Tomato,2
7/13/2022 6:55:20 AM +00:00,500,25,40.25,9,6.25,Litchi,1
7/13/2022 6:56:19 AM +00:00,742.83,48.75,21.00032051282051,2.5,9.75,Tomato,2
7/13/2022 6:57:22 AM +00:00,229.05,36.25,27.948706896551727,6.25,7.25,Tomato,2
7/13/2022 6:58:20 AM +00:00,284.75,25,40.25,7.5,5,Litchi,2
7/13/2022 6:59:20 AM +00:00,615.13,41.25,24.654924242424244,11.25,8.25,Tomato,2
7/13/2022 6:06:18 AM +00:00,328.81,38.75,26.193951612903223,12.5,7.75,Tomato,2
7/13/2022 6:07:15 AM +00:00,380,19,52.82157894736842,9,4.75,Litchi,1
7/13/2022 6:08:15 AM +00:00,660,33,30.633030303030303,6,8.25,Tomato,1
7/13/2022 6:09:15 AM +00:00,740,37,27.397027027027026,8,9.25,Tomato,1
7/13/2022 7:00:22 AM +00:00,237.41,45,22.67222222222222,1.25,9,Tomato,2
7/13/2022 7:01:20 AM +00:00,480,24,41.90666666666667,4,6,Litchi,1
7/13/2022 7:10:21 AM +00:00,500,25,40.25,5,6.25,Litchi,1
7/13/2022 7:11:21 AM +00:00,580,29,34.77275862068965,5,7.25,Tomato,1
7/13/2022 7:12:22 AM +00:00,285.03,32.5,31.09423076923077,6.25,6.5,Litchi,2
7/13/2022 7:13:21 AM +00:00,780,39,26.031025641025643,1,9.75,Tomato,1
7/13/2022 7:14:22 AM +00:00,458.86,35,28.921428571428574,1.25,7,Tomato,2
7/13/2022 7:15:22 AM +00:00,360,18,55.73555555555556,7,4.5,Litchi,1
7/13/2022 7:16:22 AM +00:00,223.41,26.25,38.3577380952381,1.25,5.25,Litchi,2
7/13/2022 7:17:22 AM +00:00,720,36,28.137777777777778,3,9,Tomato,1
7/13/2022 7:18:22 AM +00:00,380,19,52.82157894736842,10,4.75,Litchi,1
7/13/2022 7:19:22 AM +00:00,245.93,25,40.25,1.25,5,Litchi,2
7/13/2022 7:02:20 AM +00:00,460,35,28.921428571428574,10,7,Tomato,2
7/13/2022 7:20:22 AM +00:00,181.3,31.25,32.3125,3.75,6.25,Litchi,2
7/13/2022 7:21:25 AM +00:00,192.39,25,40.25,12.5,5,Litchi,2
7/13/2022 7:22:23 AM +00:00,500,25,40.25,6,6.25,Litchi,1
7/13/2022 7:23:23 AM +00:00,55.72,40,25.4,3.75,8,Tomato,2
7/13/2022 7:24:23 AM +00:00,620,31,32.568064516129034,5,7.75,Tomato,1
7/13/2022 7:25:23 AM +00:00,39.69,33.75,29.967129629629625,3.75,6.75,Tomato,2
7/13/2022 7:26:24 AM +00:00,322.73,32.5,31.09423076923077,1.25,6.5,Litchi,2
7/13/2022 7:27:25 AM +00:00,357.22,28.75,35.07010869565217,1.25,5.75,Litchi,2
7/13/2022 7:28:25 AM +00:00,420,21,47.82904761904762,8,5.25,Litchi,1
7/13/2022 7:29:25 AM +00:00,580,29,34.77275862068965,3,7.25,Tomato,1
7/13/2022 7:03:20 AM +00:00,206.81,28.75,35.07010869565217,6.25,5.75,Litchi,2
7/13/2022 7:30:25 AM +00:00,161.74,33.75,29.967129629629625,2.5,6.75,Tomato,2
7/13/2022 7:31:25 AM +00:00,202.19,30,33.63333333333333,1.25,6,Litchi,2
7/13/2022 7:32:25 AM +00:00,492.39,47.5,21.527631578947368,6.25,9.5,Tomato,2
7/13/2022 7:33:27 AM +00:00,460,23,43.708260869565216,5,5.75,Litchi,1
7/13/2022 7:34:27 AM +00:00,529.89,37.5,27.041666666666664,12.5,7.5,Tomato,2
7/13/2022 7:35:27 AM +00:00,434.92,32.5,31.09423076923077,1.25,6.5,Litchi,2
7/13/2022 7:36:27 AM +00:00,417.83,42.5,23.954411764705885,3.75,8.5,Tomato,2
7/13/2022 7:37:28 AM +00:00,514.71,45,22.67222222222222,3.75,9,Tomato,2
7/13/2022 7:38:27 AM +00:00,460,23,43.708260869565216,10,5.75,Litchi,1
7/13/2022 7:39:27 AM +00:00,112.26,45,22.67222222222222,10,9,Tomato,2
7/13/2022 7:04:21 AM +00:00,55.27,21.25,47.27132352941177,8.75,4.25,Litchi,2
7/13/2022 7:40:28 AM +00:00,540,27,37.30703703703704,4,6.75,Tomato,1
7/13/2022 7:41:27 AM +00:00,220.67,41.25,24.654924242424244,1.25,8.25,Tomato,2
7/13/2022 7:42:27 AM +00:00,50.13,27.5,36.63863636363636,6.25,5.5,Litchi,2
7/13/2022 7:43:28 AM +00:00,580,29,34.77275862068965,9,7.25,Tomato,1
7/13/2022 7:44:28 AM +00:00,520,26,38.72153846153846,1,6.5,Litchi,1
7/13/2022 7:45:00 AM +00:00,540,27,37.30703703703704,4,6.75,Tomato,1
7/13/2022 7:46:29 AM +00:00,320,16,62.66,1,4,Litchi,1
7/13/2022 7:47:28 AM +00:00,520,26,38.72153846153846,5,6.5,Litchi,1
7/13/2022 7:48:28 AM +00:00,400,20,50.2,8,5,Litchi,1
7/13/2022 7:49:28 AM +00:00,140.11,28.75,35.07010869565217,1.25,5.75,Litchi,2
7/13/2022 7:05:20 AM +00:00,560,28,35.994285714285716,4,7,Tomato,1
7/13/2022 7:50:29 AM +00:00,410.31,26.25,38.3577380952381,6.25,5.25,Litchi,2
7/13/2022 7:51:29 AM +00:00,460,23,43.708260869565216,8,5.75,Litchi,1
7/13/2022 7:52:29 AM +00:00,380,19,52.82157894736842,7,4.75,Litchi,1
7/13/2022 7:53:29 AM +00:00,553.22,42.5,23.954411764705885,11.25,8.5,Tomato,2
7/13/2022 7:54:00 AM +00:00,460.67,42.5,23.954411764705885,6.25,8.5,Tomato,2
7/13/2022 7:55:30 AM +00:00,400,20,50.2,1,5,Litchi,1
7/13/2022 7:56:00 AM +00:00,312.02,27.5,36.63863636363636,1.25,5.5,Litchi,2
7/13/2022 7:57:30 AM +00:00,248.2,28.75,35.07010869565217,3.75,5.75,Litchi,2
7/13/2022 7:58:00 AM +00:00,340,17,58.99352941176471,2,4.25,Litchi,1
7/13/2022 7:59:00 AM +00:00,136.39,20,50.2,2.5,4,Litchi,2
7/13/2022 7:06:21 AM +00:00,162.47,22.5,44.669444444444444,6.25,4.5,Litchi,2
7/13/2022 7:07:21 AM +00:00,560,28,35.994285714285716,4,7,Tomato,1
7/13/2022 7:08:21 AM +00:00,740,37,27.397027027027026,6,9.25,Tomato,1
7/13/2022 7:09:21 AM +00:00,46.68,27.5,36.63863636363636,10,5.5,Litchi,2
7/13/2022 8:00:00 AM +00:00,640,32,31.57,3,8,Tomato,1
7/13/2022 8:01:00 AM +00:00,602.66,42.5,23.954411764705885,8.75,8.5,Tomato,2
7/13/2022 8:02:00 AM +00:00,64.68,45,22.67222222222222,5,9,Tomato,2
7/13/2022 8:03:02 AM +00:00,35.32,32.5,31.09423076923077,10,6.5,Litchi,2
7/13/2022 8:04:00 AM +00:00,275.46,22.5,44.669444444444444,3.75,4.5,Litchi,2
7/13/2022 8:05:01 AM +00:00,462.96,35,28.921428571428574,1.25,7,Tomato,2
7/13/2022 8:06:01 AM +00:00,700,35,28.921428571428574,4,8.75,Tomato,1
7/13/2022 8:07:03 AM +00:00,356.53,48.75,21.00032051282051,1.25,9.75,Tomato,2
7/13/2022 8:08:01 AM +00:00,440,22,45.67454545454546,1,5.5,Litchi,1
7/13/2022 8:09:01 AM +00:00,660,33,30.633030303030303,8,8.25,Tomato,1
